notes/rewrite/concepts/README.md	rewrite-notes/concepts/README.md	git-mv
notes/rewrite/fork-syscall-rewrite/01-stage-kernel/07-cross-space-init.md	rewrite-notes/01-stage-kernel/07-cross-space-init.md	git-mv
notes/rewrite/fork-syscall-rewrite/01-stage-kernel/panic-in-drop.md	rewrite-notes/01-stage-kernel/panic-in-drop.md	git-mv
notes/rewrite/fork-syscall-rewrite/01-stage-kernel/todo.md	rewrite-notes/01-stage-kernel/todo.md	git-mv
notes/rewrite/fork-syscall-rewrite/02-stage-vm/01-vm-init-main.md	rewrite-notes/02-stage-vm/01-vm-init-main.md	git-mv
notes/rewrite/fork-syscall-rewrite/02-stage-vm/02-vmproc-struct.md	rewrite-notes/02-stage-vm/02-vmproc-struct.md	git-mv
notes/rewrite/fork-syscall-rewrite/02-stage-vm/03-vmproc-table.md	rewrite-notes/02-stage-vm/03-vmproc-table.md	git-mv
notes/rewrite/fork-syscall-rewrite/02-stage-vm/04-acl.md	rewrite-notes/02-stage-vm/04-acl.md	git-mv
notes/rewrite/fork-syscall-rewrite/02-stage-vm/05-physical-memory.md	rewrite-notes/02-stage-vm/05-physical-memory.md	git-mv
notes/rewrite/fork-syscall-rewrite/02-stage-vm/06-page-allocator.md	rewrite-notes/02-stage-vm/06-page-allocator.md	git-mv
notes/rewrite/fork-syscall-rewrite/02-stage-vm/07-pagetable-struct.md	rewrite-notes/02-stage-vm/07-pagetable-struct.md	git-mv
notes/rewrite/fork-syscall-rewrite/02-stage-vm/08-pagetable-ops.md	rewrite-notes/02-stage-vm/08-pagetable-ops.md	git-mv
notes/rewrite/fork-syscall-rewrite/02-stage-vm/09-slab-allocator.md	rewrite-notes/02-stage-vm/09-slab-allocator.md	git-mv
notes/rewrite/fork-syscall-rewrite/02-stage-vm/10-vm-relocation.md	rewrite-notes/02-stage-vm/10-vm-relocation.md	git-mv
notes/rewrite/fork-syscall-rewrite/02-stage-vm/11-phys-pagestate.md	rewrite-notes/02-stage-vm/11-phys-pagestate.md	git-mv
notes/rewrite/fork-syscall-rewrite/02-stage-vm/12-memtype.md	rewrite-notes/02-stage-vm/12-memtype.md	git-mv
notes/rewrite/fork-syscall-rewrite/02-stage-vm/13-region-mapping.md	rewrite-notes/02-stage-vm/13-region-mapping.md	git-mv
notes/rewrite/fork-syscall-rewrite/02-stage-vm/14-region-lookup.md	rewrite-notes/02-stage-vm/14-region-lookup.md	git-mv
notes/rewrite/fork-syscall-rewrite/02-stage-vm/15-ipc-dispatch.md	rewrite-notes/02-stage-vm/15-ipc-dispatch.md	git-mv
notes/rewrite/fork-syscall-rewrite/02-stage-vm/16-pagefault.md	rewrite-notes/02-stage-vm/16-pagefault.md	git-mv
notes/rewrite/fork-syscall-rewrite/02-stage-vm/17-cow-mechanism.md	rewrite-notes/02-stage-vm/17-cow-mechanism.md	git-mv
notes/rewrite/fork-syscall-rewrite/02-stage-vm/18-vm-fork.md	rewrite-notes/02-stage-vm/18-vm-fork.md	git-mv
notes/rewrite/fork-syscall-rewrite/02-stage-vm/19-vm-brk.md	rewrite-notes/02-stage-vm/19-vm-brk.md	git-mv
notes/rewrite/fork-syscall-rewrite/02-stage-vm/20-vm-mmap.md	rewrite-notes/02-stage-vm/20-vm-mmap.md	git-mv
notes/rewrite/fork-syscall-rewrite/02-stage-vm/21-vm-munmap.md	rewrite-notes/02-stage-vm/21-vm-munmap.md	git-mv
notes/rewrite/fork-syscall-rewrite/02-stage-vm/23-vfs-interaction.md	rewrite-notes/02-stage-vm/23-vfs-interaction.md	git-mv
notes/rewrite/fork-syscall-rewrite/03-stage-rs/00-rs-overview.md	rewrite-notes/03-stage-rs/00-rs-overview.md	git-mv
notes/rewrite/fork-syscall-rewrite/03-stage-rs/01-rs-boot-init.md	rewrite-notes/03-stage-rs/01-rs-boot-init.md	git-mv
notes/rewrite/fork-syscall-rewrite/03-stage-rs/02-rs-process-table.md	rewrite-notes/03-stage-rs/02-rs-process-table.md	git-mv
notes/rewrite/fork-syscall-rewrite/03-stage-rs/03-rs-privilege.md	rewrite-notes/03-stage-rs/03-rs-privilege.md	git-mv
notes/rewrite/fork-syscall-rewrite/03-stage-rs/04-rs-access-control.md	rewrite-notes/03-stage-rs/04-rs-access-control.md	git-mv
notes/rewrite/fork-syscall-rewrite/03-stage-rs/05-rs-ipc-sendmask.md	rewrite-notes/03-stage-rs/05-rs-ipc-sendmask.md	git-mv
notes/rewrite/fork-syscall-rewrite/03-stage-rs/06-rs-main-loop.md	rewrite-notes/03-stage-rs/06-rs-main-loop.md	git-mv
notes/rewrite/fork-syscall-rewrite/03-stage-rs/07-rs-period-heartbeat.md	rewrite-notes/03-stage-rs/07-rs-period-heartbeat.md	git-mv
notes/rewrite/fork-syscall-rewrite/03-stage-rs/08-rs-slot-config.md	rewrite-notes/03-stage-rs/08-rs-slot-config.md	git-mv
notes/rewrite/fork-syscall-rewrite/03-stage-rs/09-rs-exec.md	rewrite-notes/03-stage-rs/09-rs-exec.md	git-mv
notes/rewrite/fork-syscall-rewrite/03-stage-rs/10-rs-service-create.md	rewrite-notes/03-stage-rs/10-rs-service-create.md	git-mv
notes/rewrite/fork-syscall-rewrite/03-stage-rs/11-rs-publish.md	rewrite-notes/03-stage-rs/11-rs-publish.md	git-mv
notes/rewrite/fork-syscall-rewrite/03-stage-rs/12-rs-init-run.md	rewrite-notes/03-stage-rs/12-rs-init-run.md	git-mv
notes/rewrite/fork-syscall-rewrite/03-stage-rs/13-rs-control-requests.md	rewrite-notes/03-stage-rs/13-rs-control-requests.md	git-mv
notes/rewrite/fork-syscall-rewrite/03-stage-rs/14-rs-query-requests.md	rewrite-notes/03-stage-rs/14-rs-query-requests.md	git-mv
notes/rewrite/fork-syscall-rewrite/03-stage-rs/15-rs-terminate-restart.md	rewrite-notes/03-stage-rs/15-rs-terminate-restart.md	git-mv
notes/rewrite/fork-syscall-rewrite/03-stage-rs/16-rs-live-update.md	rewrite-notes/03-stage-rs/16-rs-live-update.md	git-mv
notes/rewrite/fork-syscall-rewrite/03-stage-rs/17-rs-state-data.md	rewrite-notes/03-stage-rs/17-rs-state-data.md	git-mv
notes/rewrite/fork-syscall-rewrite/03-stage-rs/18-rs-self-lifecycle.md	rewrite-notes/03-stage-rs/18-rs-self-lifecycle.md	git-mv
notes/rewrite/fork-syscall-rewrite/03-stage-rs/19-rs-external-interfaces.md	rewrite-notes/03-stage-rs/19-rs-external-interfaces.md	git-mv
notes/rewrite/fork-syscall-rewrite/03-stage-rs/99-rs-global-concepts.md	rewrite-notes/03-stage-rs/99-rs-global-concepts.md	git-mv
notes/rewrite/fork-syscall-rewrite/04-stage-pm/01-pm-init-main.md	rewrite-notes/04-stage-pm/01-pm-init-main.md	git-mv
notes/rewrite/fork-syscall-rewrite/04-stage-pm/02-mproc-struct.md	rewrite-notes/04-stage-pm/02-mproc-struct.md	git-mv
notes/rewrite/fork-syscall-rewrite/04-stage-pm/03-mproc-table.md	rewrite-notes/04-stage-pm/03-mproc-table.md	git-mv
notes/rewrite/fork-syscall-rewrite/04-stage-pm/04-ipc-dispatch.md	rewrite-notes/04-stage-pm/04-ipc-dispatch.md	git-mv
notes/rewrite/fork-syscall-rewrite/04-stage-pm/12-signal-handlers.md	rewrite-notes/04-stage-pm/12-signal-handlers.md	git-mv
notes/rewrite/fork-syscall-rewrite/04-stage-pm/13-signal-flow.md	rewrite-notes/04-stage-pm/13-signal-flow.md	git-mv
notes/rewrite/fork-syscall-rewrite/04-stage-pm/15-credentials.md	rewrite-notes/04-stage-pm/15-credentials.md	git-mv
notes/rewrite/fork-syscall-rewrite/04-stage-pm/16-scheduling.md	rewrite-notes/04-stage-pm/16-scheduling.md	git-mv
notes/rewrite/fork-syscall-rewrite/06-stage-sched/archive/todo-round1-archive-2026-09-06.md	rewrite-notes/06-stage-sched/archive/todo-round1-archive-2026-09-06.md	git-mv
notes/rewrite/fork-syscall-rewrite/07-stage-ds/todo.md	rewrite-notes/07-stage-ds/todo.md	git-mv
notes/rewrite/fork-syscall-rewrite/13-stage-ipc/00-ipc-overview.md	rewrite-notes/13-stage-ipc/00-ipc-overview.md	git-mv
notes/rewrite/fork-syscall-rewrite/13-stage-ipc/README.md	rewrite-notes/13-stage-ipc/README.md	git-mv
notes/rewrite/fork-syscall-rewrite/14-stage-runtime/01-kernel-handoff.md	rewrite-notes/14-stage-runtime/01-kernel-handoff.md	git-mv
notes/rewrite/fork-syscall-rewrite/14-stage-runtime/02-crt0-start.md	rewrite-notes/14-stage-runtime/02-crt0-start.md	git-mv
notes/rewrite/fork-syscall-rewrite/14-stage-runtime/03-runtime-init.md	rewrite-notes/14-stage-runtime/03-runtime-init.md	git-mv
notes/rewrite/fork-syscall-rewrite/14-stage-runtime/04-ipc-primitives.md	rewrite-notes/14-stage-runtime/04-ipc-primitives.md	git-mv
notes/rewrite/fork-syscall-rewrite/14-stage-runtime/05-syscall-mechanism.md	rewrite-notes/14-stage-runtime/05-syscall-mechanism.md	git-mv
notes/rewrite/fork-syscall-rewrite/14-stage-runtime/06-allocator.md	rewrite-notes/14-stage-runtime/06-allocator.md	git-mv
notes/rewrite/fork-syscall-rewrite/14-stage-runtime/07-panic-output.md	rewrite-notes/14-stage-runtime/07-panic-output.md	git-mv
notes/rewrite/fork-syscall-rewrite/14-stage-runtime/08-pm-syscalls.md	rewrite-notes/14-stage-runtime/08-pm-syscalls.md	git-mv
notes/rewrite/fork-syscall-rewrite/14-stage-runtime/09-vfs-syscalls.md	rewrite-notes/14-stage-runtime/09-vfs-syscalls.md	git-mv
notes/rewrite/fork-syscall-rewrite/14-stage-runtime/10-vm-syscalls.md	rewrite-notes/14-stage-runtime/10-vm-syscalls.md	git-mv
notes/rewrite/fork-syscall-rewrite/14-stage-runtime/11-misc-syscalls.md	rewrite-notes/14-stage-runtime/11-misc-syscalls.md	git-mv
notes/rewrite/fork-syscall-rewrite/14-stage-runtime/12-rs-query.md	rewrite-notes/14-stage-runtime/12-rs-query.md	git-mv
notes/rewrite/fork-syscall-rewrite/14-stage-runtime/13-constants-abi.md	rewrite-notes/14-stage-runtime/13-constants-abi.md	git-mv
notes/rewrite/fork-syscall-rewrite/15-stage-fs/02-fsdriver-call.md	rewrite-notes/15-stage-fs/02-fsdriver-call.md	git-mv
notes/rewrite/fork-syscall-rewrite/15-stage-fs/03-fsdriver-utility.md	rewrite-notes/15-stage-fs/03-fsdriver-utility.md	git-mv
notes/rewrite/fork-syscall-rewrite/15-stage-fs/04-block-cache.md	rewrite-notes/15-stage-fs/04-block-cache.md	git-mv
notes/rewrite/fork-syscall-rewrite/15-stage-fs/05-block-io.md	rewrite-notes/15-stage-fs/05-block-io.md	git-mv
notes/rewrite/fork-syscall-rewrite/15-stage-fs/06-pfs.md	rewrite-notes/15-stage-fs/06-pfs.md	git-mv
notes/rewrite/fork-syscall-rewrite/15-stage-fs/07-mfs-init-main.md	rewrite-notes/15-stage-fs/07-mfs-init-main.md	git-mv
notes/rewrite/fork-syscall-rewrite/15-stage-fs/08-mfs-super.md	rewrite-notes/15-stage-fs/08-mfs-super.md	git-mv
notes/rewrite/fork-syscall-rewrite/15-stage-fs/09-mfs-inode.md	rewrite-notes/15-stage-fs/09-mfs-inode.md	git-mv
notes/rewrite/fork-syscall-rewrite/15-stage-fs/10-mfs-mount.md	rewrite-notes/15-stage-fs/10-mfs-mount.md	git-mv
notes/rewrite/fork-syscall-rewrite/15-stage-fs/11-mfs-path.md	rewrite-notes/15-stage-fs/11-mfs-path.md	git-mv
notes/rewrite/fork-syscall-rewrite/15-stage-fs/12-mfs-open.md	rewrite-notes/15-stage-fs/12-mfs-open.md	git-mv
notes/rewrite/fork-syscall-rewrite/15-stage-fs/13-mfs-link.md	rewrite-notes/15-stage-fs/13-mfs-link.md	git-mv
notes/rewrite/fork-syscall-rewrite/15-stage-fs/14-mfs-read.md	rewrite-notes/15-stage-fs/14-mfs-read.md	git-mv
notes/rewrite/fork-syscall-rewrite/15-stage-fs/15-mfs-write.md	rewrite-notes/15-stage-fs/15-mfs-write.md	git-mv
notes/rewrite/fork-syscall-rewrite/15-stage-fs/16-mfs-metadata.md	rewrite-notes/15-stage-fs/16-mfs-metadata.md	git-mv
notes/rewrite/fork-syscall-rewrite/15-stage-fs/17-mfs-maint.md	rewrite-notes/15-stage-fs/17-mfs-maint.md	git-mv
notes/rewrite/fork-syscall-rewrite/15-stage-fs/18-vtreefs.md	rewrite-notes/15-stage-fs/18-vtreefs.md	git-mv
notes/rewrite/fork-syscall-rewrite/15-stage-fs/19-procfs.md	rewrite-notes/15-stage-fs/19-procfs.md	git-mv
notes/rewrite/fork-syscall-rewrite/15-stage-fs/20-ptyfs.md	rewrite-notes/15-stage-fs/20-ptyfs.md	git-mv
notes/rewrite/fork-syscall-rewrite/15-stage-fs/21-ext2-init-mount.md	rewrite-notes/15-stage-fs/21-ext2-init-mount.md	git-mv
notes/rewrite/fork-syscall-rewrite/15-stage-fs/22-ext2-namespace-data.md	rewrite-notes/15-stage-fs/22-ext2-namespace-data.md	git-mv
notes/rewrite/fork-syscall-rewrite/15-stage-fs/23-isofs.md	rewrite-notes/15-stage-fs/23-isofs.md	git-mv
notes/rewrite/fork-syscall-rewrite/15-stage-fs/24-vbfs-hgfs.md	rewrite-notes/15-stage-fs/24-vbfs-hgfs.md	git-mv
notes/rewrite/fork-syscall-rewrite/16-stage-drivers/00-drivers-overview.md	rewrite-notes/16-stage-drivers/00-drivers-overview.md	git-mv
notes/rewrite/fork-syscall-rewrite/16-stage-drivers/01-chardriver-framework.md	rewrite-notes/16-stage-drivers/01-chardriver-framework.md	git-mv
notes/rewrite/fork-syscall-rewrite/16-stage-drivers/02-blockdriver-framework.md	rewrite-notes/16-stage-drivers/02-blockdriver-framework.md	git-mv
notes/rewrite/fork-syscall-rewrite/16-stage-drivers/03-netdriver-framework.md	rewrite-notes/16-stage-drivers/03-netdriver-framework.md	git-mv
notes/rewrite/fork-syscall-rewrite/16-stage-drivers/04-bdev-client.md	rewrite-notes/16-stage-drivers/04-bdev-client.md	git-mv
notes/rewrite/fork-syscall-rewrite/16-stage-drivers/05-memory-driver.md	rewrite-notes/16-stage-drivers/05-memory-driver.md	git-mv
notes/rewrite/fork-syscall-rewrite/16-stage-drivers/06-tty-driver.md	rewrite-notes/16-stage-drivers/06-tty-driver.md	git-mv
notes/rewrite/fork-syscall-rewrite/16-stage-drivers/07-pty-driver.md	rewrite-notes/16-stage-drivers/07-pty-driver.md	git-mv
notes/rewrite/fork-syscall-rewrite/16-stage-drivers/08-log-driver.md	rewrite-notes/16-stage-drivers/08-log-driver.md	git-mv
notes/rewrite/fork-syscall-rewrite/16-stage-drivers/09-random-driver.md	rewrite-notes/16-stage-drivers/09-random-driver.md	git-mv
notes/rewrite/fork-syscall-rewrite/16-stage-drivers/10-readclock-driver.md	rewrite-notes/16-stage-drivers/10-readclock-driver.md	git-mv
notes/rewrite/fork-syscall-rewrite/16-stage-drivers/11-pci-driver.md	rewrite-notes/16-stage-drivers/11-pci-driver.md	git-mv
notes/rewrite/fork-syscall-rewrite/16-stage-drivers/12-gpio-devman.md	rewrite-notes/16-stage-drivers/12-gpio-devman.md	git-mv
notes/rewrite/fork-syscall-rewrite/16-stage-drivers/13-pckbd-driver.md	rewrite-notes/16-stage-drivers/13-pckbd-driver.md	git-mv
notes/rewrite/fork-syscall-rewrite/16-stage-drivers/14-virtio-framework.md	rewrite-notes/16-stage-drivers/14-virtio-framework.md	git-mv
notes/rewrite/fork-syscall-rewrite/16-stage-drivers/15-virtio-blk-driver.md	rewrite-notes/16-stage-drivers/15-virtio-blk-driver.md	git-mv
notes/rewrite/fork-syscall-rewrite/16-stage-drivers/16-ahci-ata-driver.md	rewrite-notes/16-stage-drivers/16-ahci-ata-driver.md	git-mv
notes/rewrite/fork-syscall-rewrite/16-stage-drivers/17-storage-misc-driver.md	rewrite-notes/16-stage-drivers/17-storage-misc-driver.md	git-mv
notes/rewrite/fork-syscall-rewrite/16-stage-drivers/18-usb-framework.md	rewrite-notes/16-stage-drivers/18-usb-framework.md	git-mv
notes/rewrite/fork-syscall-rewrite/16-stage-drivers/19-usb-storage-hub.md	rewrite-notes/16-stage-drivers/19-usb-storage-hub.md	git-mv
notes/rewrite/fork-syscall-rewrite/16-stage-drivers/20-fb-driver.md	rewrite-notes/16-stage-drivers/20-fb-driver.md	git-mv
notes/rewrite/fork-syscall-rewrite/16-stage-drivers/21-audio-drivers.md	rewrite-notes/16-stage-drivers/21-audio-drivers.md	git-mv
notes/rewrite/fork-syscall-rewrite/16-stage-drivers/22-net-driver-reference.md	rewrite-notes/16-stage-drivers/22-net-driver-reference.md	git-mv
notes/rewrite/fork-syscall-rewrite/16-stage-drivers/23-net-driver-variants.md	rewrite-notes/16-stage-drivers/23-net-driver-variants.md	git-mv
notes/rewrite/fork-syscall-rewrite/16-stage-drivers/24-misc-drivers.md	rewrite-notes/16-stage-drivers/24-misc-drivers.md	git-mv
notes/rewrite/fork-syscall-rewrite/16-stage-drivers/25-dma-memory-contract.md	rewrite-notes/16-stage-drivers/25-dma-memory-contract.md	git-mv
notes/rewrite/fork-syscall-rewrite/16-stage-drivers/99-global-concepts.md	rewrite-notes/16-stage-drivers/99-global-concepts.md	git-mv
notes/rewrite/fork-syscall-rewrite/16-stage-drivers/doc_rerank_deepseek.md	rewrite-notes/16-stage-drivers/doc_rerank_deepseek.md	git-mv
notes/rewrite/fork-syscall-rewrite/17-stage-net/01-sockdriver-framework.md	rewrite-notes/17-stage-net/01-sockdriver-framework.md	git-mv
notes/rewrite/fork-syscall-rewrite/17-stage-net/02-sockevent-framework.md	rewrite-notes/17-stage-net/02-sockevent-framework.md	git-mv
notes/rewrite/fork-syscall-rewrite/17-stage-net/03-lwip-main-init.md	rewrite-notes/17-stage-net/03-lwip-main-init.md	git-mv
notes/rewrite/fork-syscall-rewrite/17-stage-net/04-lwip-mempool.md	rewrite-notes/17-stage-net/04-lwip-mempool.md	git-mv
notes/rewrite/fork-syscall-rewrite/17-stage-net/05-lwip-util-addr.md	rewrite-notes/17-stage-net/05-lwip-util-addr.md	git-mv
notes/rewrite/fork-syscall-rewrite/17-stage-net/06-lwip-ipsock.md	rewrite-notes/17-stage-net/06-lwip-ipsock.md	git-mv
notes/rewrite/fork-syscall-rewrite/17-stage-net/07-lwip-pktsock.md	rewrite-notes/17-stage-net/07-lwip-pktsock.md	git-mv
notes/rewrite/fork-syscall-rewrite/17-stage-net/08-lwip-tcpsock.md	rewrite-notes/17-stage-net/08-lwip-tcpsock.md	git-mv
notes/rewrite/fork-syscall-rewrite/17-stage-net/09-lwip-udpsock.md	rewrite-notes/17-stage-net/09-lwip-udpsock.md	git-mv
notes/rewrite/fork-syscall-rewrite/17-stage-net/10-lwip-rawsock.md	rewrite-notes/17-stage-net/10-lwip-rawsock.md	git-mv
notes/rewrite/fork-syscall-rewrite/17-stage-net/11-lwip-lnksock.md	rewrite-notes/17-stage-net/11-lwip-lnksock.md	git-mv
notes/rewrite/fork-syscall-rewrite/17-stage-net/12-lwip-mcast.md	rewrite-notes/17-stage-net/12-lwip-mcast.md	git-mv
notes/rewrite/fork-syscall-rewrite/17-stage-net/13-lwip-ndev.md	rewrite-notes/17-stage-net/13-lwip-ndev.md	git-mv
notes/rewrite/fork-syscall-rewrite/17-stage-net/14-lwip-ifdev.md	rewrite-notes/17-stage-net/14-lwip-ifdev.md	git-mv
notes/rewrite/fork-syscall-rewrite/17-stage-net/15-lwip-ethif.md	rewrite-notes/17-stage-net/15-lwip-ethif.md	git-mv
notes/rewrite/fork-syscall-rewrite/17-stage-net/16-lwip-ifaddr.md	rewrite-notes/17-stage-net/16-lwip-ifaddr.md	git-mv
notes/rewrite/fork-syscall-rewrite/17-stage-net/17-lwip-ifconf.md	rewrite-notes/17-stage-net/17-lwip-ifconf.md	git-mv
notes/rewrite/fork-syscall-rewrite/17-stage-net/18-lwip-bpfdev.md	rewrite-notes/17-stage-net/18-lwip-bpfdev.md	git-mv
notes/rewrite/fork-syscall-rewrite/17-stage-net/19-lwip-route.md	rewrite-notes/17-stage-net/19-lwip-route.md	git-mv
notes/rewrite/fork-syscall-rewrite/17-stage-net/20-lwip-rtsock.md	rewrite-notes/17-stage-net/20-lwip-rtsock.md	git-mv
notes/rewrite/fork-syscall-rewrite/17-stage-net/21-uds-core.md	rewrite-notes/17-stage-net/21-uds-core.md	git-mv
notes/rewrite/fork-syscall-rewrite/17-stage-net/22-uds-io.md	rewrite-notes/17-stage-net/22-uds-io.md	git-mv
notes/rewrite/fork-syscall-rewrite/17-stage-net/23-libc-socket.md	rewrite-notes/17-stage-net/23-libc-socket.md	git-mv
notes/rewrite/fork-syscall-rewrite/17-stage-net/24-liblwip-port.md	rewrite-notes/17-stage-net/24-liblwip-port.md	git-mv
notes/rewrite/fork-syscall-rewrite/17-stage-net/archive/todo-N1-archive-2026-09-17.md	rewrite-notes/17-stage-net/archive/todo-N1-archive-2026-09-17.md	git-mv
notes/rewrite/fork-syscall-rewrite/17-stage-net/doc_rerank_deepseek.md	rewrite-notes/17-stage-net/doc_rerank_deepseek.md	git-mv
notes/rewrite/fork-syscall-rewrite/ADDRESS-CONSTANT-AUDIT.md	rewrite-notes/coordination/ADDRESS-CONSTANT-AUDIT.md	git-mv
notes/rewrite/fork-syscall-rewrite/MISC-CONCEPTS-SESSION-HANDOFF-20260927.md	rewrite-notes/coordination/MISC-CONCEPTS-SESSION-HANDOFF-20260927.md	git-mv
notes/rewrite/fork-syscall-rewrite/NK4-REGRESSION-REVIEW-20260922-PART2.md	rewrite-notes/coordination/NK4-REGRESSION-REVIEW-20260922-PART2.md	git-mv
notes/rewrite/fork-syscall-rewrite/NK4A-HANDOFF-STATUS.md	rewrite-notes/coordination/NK4A-HANDOFF-STATUS.md	git-mv
notes/rewrite/fork-syscall-rewrite/NK4B-OPENING-PROMPT.md	rewrite-notes/coordination/NK4B-OPENING-PROMPT.md	git-mv
notes/rewrite/fork-syscall-rewrite/NK4B-TODO.md	rewrite-notes/coordination/NK4B-TODO.md	git-mv
notes/rewrite/fork-syscall-rewrite/NK4B-WORKLOG.md	rewrite-notes/coordination/NK4B-WORKLOG.md	git-mv
notes/rewrite/fork-syscall-rewrite/NK4C-BUG-AARCH64-VEC-CAP.md	rewrite-notes/coordination/NK4C-BUG-AARCH64-VEC-CAP.md	git-mv
notes/rewrite/fork-syscall-rewrite/NK4C-BUG-RISCV64-MEMORY-CORRUPTION.md	rewrite-notes/coordination/NK4C-BUG-RISCV64-MEMORY-CORRUPTION.md	git-mv
notes/rewrite/fork-syscall-rewrite/NK4C-BUG-RISCV64-TRANSIENT-PTE.md	rewrite-notes/coordination/NK4C-BUG-RISCV64-TRANSIENT-PTE.md	git-mv
notes/rewrite/fork-syscall-rewrite/NK4C-GLM53-PROMPT.md	rewrite-notes/coordination/NK4C-GLM53-PROMPT.md	git-mv
notes/rewrite/fork-syscall-rewrite/NK4C-MIGRATION-20260930.md	rewrite-notes/coordination/NK4C-MIGRATION-20260930.md	git-mv
notes/rewrite/fork-syscall-rewrite/NK4C-NEW-MACHINE-OPENING-PROMPT.txt	rewrite-notes/coordination/NK4C-NEW-MACHINE-OPENING-PROMPT.txt	git-mv
notes/rewrite/fork-syscall-rewrite/NK4C-OPENING-PROMPT.md	rewrite-notes/coordination/NK4C-OPENING-PROMPT.md	git-mv
notes/rewrite/fork-syscall-rewrite/NK4C-QEMU-ENVIRONMENTS.md	rewrite-notes/coordination/NK4C-QEMU-ENVIRONMENTS.md	git-mv
notes/rewrite/fork-syscall-rewrite/NK4C-RESUME-PROMPT.md	rewrite-notes/coordination/NK4C-RESUME-PROMPT.md	git-mv
notes/rewrite/fork-syscall-rewrite/NK4C-接续PROMPT-20261002.md	rewrite-notes/coordination/NK4C-接续PROMPT-20261002.md	git-mv
notes/rewrite/fork-syscall-rewrite/NK4C-接续PROMPT-20261003.md	rewrite-notes/coordination/NK4C-接续PROMPT-20261003.md	git-mv
notes/rewrite/fork-syscall-rewrite/NK4C-接续PROMPT-20261005.md	rewrite-notes/coordination/NK4C-接续PROMPT-20261005.md	git-mv
notes/rewrite/fork-syscall-rewrite/NK4C-接续PROMPT-20261005b.md	rewrite-notes/coordination/NK4C-接续PROMPT-20261005b.md	git-mv
notes/rewrite/fork-syscall-rewrite/NK4C-接续PROMPT-20261005c.md	rewrite-notes/coordination/NK4C-接续PROMPT-20261005c.md	git-mv
notes/rewrite/fork-syscall-rewrite/NK4C-接续PROMPT-20261006r.md	rewrite-notes/coordination/NK4C-接续PROMPT-20261006r.md	git-mv
notes/rewrite/fork-syscall-rewrite/PATTERN-GATE-SESSION-HANDOFF-20260927.md	rewrite-notes/coordination/PATTERN-GATE-SESSION-HANDOFF-20260927.md	git-mv
notes/rewrite/fork-syscall-rewrite/edge_todo.md	rewrite-notes/coordination/edge_todo.md	git-mv
notes/rewrite/fork-syscall-rewrite/misc_concepts.md	rewrite-notes/misc/misc_concepts.md	git-mv
notes/rewrite/fork-syscall-rewrite/riscv-reviewlog.md	rewrite-notes/coordination/riscv-reviewlog.md	git-mv
notes/rewrite/fork-syscall-rewrite/riscv瞬态页表崩溃取证方法论.md	rewrite-notes/coordination/riscv瞬态页表崩溃取证方法论.md	git-mv
notes/rewrite/fork-syscall-rewrite/trap-boundary-message-materialization.md	rewrite-notes/coordination/trap-boundary-message-materialization.md	git-mv
notes/rewrite/project-structure.md	rewrite-notes/misc/project-structure.md	git-mv
notes/study/vfs/plan.md	study-notes/vfs/plan.md	git-mv
notes/study/vm/plan.md	study-notes/vm/plan.md	git-mv
