notes/redesign/redesign.md	redesign-notes/README.md	git-mv	有残差
notes/rewrite/README.md	rewrite-notes/README.md	git-mv	有残差
notes/rewrite/concepts/endpoint.md	rewrite-notes/concepts/endpoint.md	git-mv	有残差
notes/rewrite/fork-syscall-rewrite/00-master-plan/README.md	rewrite-notes/00-master-plan/README.md	git-mv	有残差
notes/rewrite/fork-syscall-rewrite/01-stage-kernel/06-todo.md	rewrite-notes/01-stage-kernel/06-todo.md	git-mv	有残差
notes/rewrite/fork-syscall-rewrite/01-stage-kernel/checklist.md	rewrite-notes/01-stage-kernel/checklist.md	git-mv	有残差
notes/rewrite/fork-syscall-rewrite/01-stage-kernel/doc_rerank_HY4.md	rewrite-notes/01-stage-kernel/doc_rerank_HY4.md	git-mv	有残差
notes/rewrite/fork-syscall-rewrite/01-stage-kernel/doc_rerank_deepseek.md	rewrite-notes/01-stage-kernel/doc_rerank_deepseek.md	git-mv	有残差
notes/rewrite/fork-syscall-rewrite/01-stage-kernel/doc_rerank_glm.md	rewrite-notes/01-stage-kernel/doc_rerank_glm.md	git-mv	有残差
notes/rewrite/fork-syscall-rewrite/01-stage-kernel/doc_rerank_mimo.md	rewrite-notes/01-stage-kernel/doc_rerank_mimo.md	git-mv	有残差
notes/rewrite/fork-syscall-rewrite/01-stage-kernel/doc_rerank_muse.md	rewrite-notes/01-stage-kernel/doc_rerank_muse.md	git-mv	有残差
notes/rewrite/fork-syscall-rewrite/01-stage-kernel/doc_rerank_qwen.md	rewrite-notes/01-stage-kernel/doc_rerank_qwen.md	git-mv	有残差
notes/rewrite/fork-syscall-rewrite/01-stage-kernel/endpoint_todo.md	rewrite-notes/01-stage-kernel/endpoint_todo.md	git-mv	有残差
notes/rewrite/fork-syscall-rewrite/02-stage-vm/archive/todo-V11-archive-2026-09-08.md	rewrite-notes/02-stage-vm/archive/todo-V11-archive-2026-09-08.md	git-mv	有残差
notes/rewrite/fork-syscall-rewrite/02-stage-vm/archive/todo-V12-archive-2026-09-09.md	rewrite-notes/02-stage-vm/archive/todo-V12-archive-2026-09-09.md	git-mv	有残差
notes/rewrite/fork-syscall-rewrite/02-stage-vm/doc_rerank_HY4.md	rewrite-notes/02-stage-vm/doc_rerank_HY4.md	git-mv	有残差
notes/rewrite/fork-syscall-rewrite/02-stage-vm/doc_rerank_deepseek.md	rewrite-notes/02-stage-vm/doc_rerank_deepseek.md	git-mv	有残差
notes/rewrite/fork-syscall-rewrite/02-stage-vm/doc_rerank_glm.md	rewrite-notes/02-stage-vm/doc_rerank_glm.md	git-mv	有残差
notes/rewrite/fork-syscall-rewrite/02-stage-vm/doc_rerank_muse.md	rewrite-notes/02-stage-vm/doc_rerank_muse.md	git-mv	有残差
notes/rewrite/fork-syscall-rewrite/02-stage-vm/doc_rerank_qwen.md	rewrite-notes/02-stage-vm/doc_rerank_qwen.md	git-mv	有残差
notes/rewrite/fork-syscall-rewrite/02-stage-vm/draft/00-vm-overview.md	rewrite-notes/02-stage-vm/draft/00-vm-overview.md	git-mv	有残差
notes/rewrite/fork-syscall-rewrite/02-stage-vm/draft/01-vmproc-struct.md	rewrite-notes/02-stage-vm/draft/01-vmproc-struct.md	git-mv	有残差
notes/rewrite/fork-syscall-rewrite/02-stage-vm/draft/17-vm-brk.md	rewrite-notes/02-stage-vm/draft/17-vm-brk.md	git-mv	有残差
notes/rewrite/fork-syscall-rewrite/02-stage-vm/draft/99-global-concepts.md	rewrite-notes/02-stage-vm/draft/99-global-concepts.md	git-mv	有残差
notes/rewrite/fork-syscall-rewrite/02-stage-vm/plan.md	rewrite-notes/02-stage-vm/plan.md	git-mv	有残差
notes/rewrite/fork-syscall-rewrite/02-stage-vm/todo.md	rewrite-notes/02-stage-vm/todo.md	git-mv	有残差
notes/rewrite/fork-syscall-rewrite/03-stage-rs/20-rs-sef-framework.md	rewrite-notes/03-stage-rs/20-rs-sef-framework.md	git-mv	有残差
notes/rewrite/fork-syscall-rewrite/03-stage-rs/doc_rerank_deepseek.md	rewrite-notes/03-stage-rs/doc_rerank_deepseek.md	git-mv	有残差
notes/rewrite/fork-syscall-rewrite/03-stage-rs/doc_rerank_glm.md	rewrite-notes/03-stage-rs/doc_rerank_glm.md	git-mv	有残差
notes/rewrite/fork-syscall-rewrite/03-stage-rs/doc_rerank_muse.md	rewrite-notes/03-stage-rs/doc_rerank_muse.md	git-mv	有残差
notes/rewrite/fork-syscall-rewrite/03-stage-rs/doc_rerank_qwen.md	rewrite-notes/03-stage-rs/doc_rerank_qwen.md	git-mv	有残差
notes/rewrite/fork-syscall-rewrite/03-stage-rs/plan.md	rewrite-notes/03-stage-rs/plan.md	git-mv	有残差
notes/rewrite/fork-syscall-rewrite/03-stage-rs/todo.md	rewrite-notes/03-stage-rs/todo.md	git-mv	有残差
notes/rewrite/fork-syscall-rewrite/04-stage-pm/14-itimer.md	rewrite-notes/04-stage-pm/14-itimer.md	git-mv	有残差
notes/rewrite/fork-syscall-rewrite/04-stage-pm/17-exec.md	rewrite-notes/04-stage-pm/17-exec.md	git-mv	有残差
notes/rewrite/fork-syscall-rewrite/04-stage-pm/18-trace.md	rewrite-notes/04-stage-pm/18-trace.md	git-mv	有残差
notes/rewrite/fork-syscall-rewrite/04-stage-pm/19-time.md	rewrite-notes/04-stage-pm/19-time.md	git-mv	有残差
notes/rewrite/fork-syscall-rewrite/04-stage-pm/20-misc-queries.md	rewrite-notes/04-stage-pm/20-misc-queries.md	git-mv	有残差
notes/rewrite/fork-syscall-rewrite/04-stage-pm/doc_rerank_HY4.md	rewrite-notes/04-stage-pm/doc_rerank_HY4.md	git-mv	有残差
notes/rewrite/fork-syscall-rewrite/04-stage-pm/doc_rerank_deepseek.md	rewrite-notes/04-stage-pm/doc_rerank_deepseek.md	git-mv	有残差
notes/rewrite/fork-syscall-rewrite/04-stage-pm/doc_rerank_glm.md	rewrite-notes/04-stage-pm/doc_rerank_glm.md	git-mv	有残差
notes/rewrite/fork-syscall-rewrite/04-stage-pm/doc_rerank_muse.md	rewrite-notes/04-stage-pm/doc_rerank_muse.md	git-mv	有残差
notes/rewrite/fork-syscall-rewrite/04-stage-pm/doc_rerank_qwen.md	rewrite-notes/04-stage-pm/doc_rerank_qwen.md	git-mv	有残差
notes/rewrite/fork-syscall-rewrite/04-stage-pm/draft/mproc-design.md	rewrite-notes/04-stage-pm/draft/mproc-design.md	git-mv	有残差
notes/rewrite/fork-syscall-rewrite/04-stage-pm/plan.md	rewrite-notes/04-stage-pm/plan.md	git-mv	有残差
notes/rewrite/fork-syscall-rewrite/04-stage-pm/todo.md	rewrite-notes/04-stage-pm/todo.md	git-mv	有残差
notes/rewrite/fork-syscall-rewrite/05-stage-vfs/archive/todo-R1-archive-2026-09-09.md	rewrite-notes/05-stage-vfs/archive/todo-R1-archive-2026-09-09.md	git-mv	有残差
notes/rewrite/fork-syscall-rewrite/05-stage-vfs/doc_rerank_HY4.md	rewrite-notes/05-stage-vfs/doc_rerank_HY4.md	git-mv	有残差
notes/rewrite/fork-syscall-rewrite/05-stage-vfs/doc_rerank_deepseek.md	rewrite-notes/05-stage-vfs/doc_rerank_deepseek.md	git-mv	有残差
notes/rewrite/fork-syscall-rewrite/05-stage-vfs/doc_rerank_glm.md	rewrite-notes/05-stage-vfs/doc_rerank_glm.md	git-mv	有残差
notes/rewrite/fork-syscall-rewrite/05-stage-vfs/doc_rerank_muse.md	rewrite-notes/05-stage-vfs/doc_rerank_muse.md	git-mv	有残差
notes/rewrite/fork-syscall-rewrite/05-stage-vfs/doc_rerank_qwen.md	rewrite-notes/05-stage-vfs/doc_rerank_qwen.md	git-mv	有残差
notes/rewrite/fork-syscall-rewrite/05-stage-vfs/plan.md	rewrite-notes/05-stage-vfs/plan.md	git-mv	有残差
notes/rewrite/fork-syscall-rewrite/05-stage-vfs/todo.md	rewrite-notes/05-stage-vfs/todo.md	git-mv	有残差
notes/rewrite/fork-syscall-rewrite/06-stage-sched/doc_rerank_deepseek.md	rewrite-notes/06-stage-sched/doc_rerank_deepseek.md	git-mv	有残差
notes/rewrite/fork-syscall-rewrite/06-stage-sched/doc_rerank_glm.md	rewrite-notes/06-stage-sched/doc_rerank_glm.md	git-mv	有残差
notes/rewrite/fork-syscall-rewrite/06-stage-sched/doc_rerank_muse.md	rewrite-notes/06-stage-sched/doc_rerank_muse.md	git-mv	有残差
notes/rewrite/fork-syscall-rewrite/06-stage-sched/doc_rerank_qwen.md	rewrite-notes/06-stage-sched/doc_rerank_qwen.md	git-mv	有残差
notes/rewrite/fork-syscall-rewrite/06-stage-sched/plan.md	rewrite-notes/06-stage-sched/plan.md	git-mv	有残差
notes/rewrite/fork-syscall-rewrite/07-stage-ds/doc_rerank_deepseek.md	rewrite-notes/07-stage-ds/doc_rerank_deepseek.md	git-mv	有残差
notes/rewrite/fork-syscall-rewrite/07-stage-ds/doc_rerank_glm.md	rewrite-notes/07-stage-ds/doc_rerank_glm.md	git-mv	有残差
notes/rewrite/fork-syscall-rewrite/07-stage-ds/doc_rerank_muse.md	rewrite-notes/07-stage-ds/doc_rerank_muse.md	git-mv	有残差
notes/rewrite/fork-syscall-rewrite/07-stage-ds/doc_rerank_qwen.md	rewrite-notes/07-stage-ds/doc_rerank_qwen.md	git-mv	有残差
notes/rewrite/fork-syscall-rewrite/07-stage-ds/plan.md	rewrite-notes/07-stage-ds/plan.md	git-mv	有残差
notes/rewrite/fork-syscall-rewrite/08-stage-is/doc_rerank_deepseek.md	rewrite-notes/08-stage-is/doc_rerank_deepseek.md	git-mv	有残差
notes/rewrite/fork-syscall-rewrite/08-stage-is/doc_rerank_glm.md	rewrite-notes/08-stage-is/doc_rerank_glm.md	git-mv	有残差
notes/rewrite/fork-syscall-rewrite/08-stage-is/doc_rerank_muse.md	rewrite-notes/08-stage-is/doc_rerank_muse.md	git-mv	有残差
notes/rewrite/fork-syscall-rewrite/08-stage-is/doc_rerank_qwen.md	rewrite-notes/08-stage-is/doc_rerank_qwen.md	git-mv	有残差
notes/rewrite/fork-syscall-rewrite/08-stage-is/plan.md	rewrite-notes/08-stage-is/plan.md	git-mv	有残差
notes/rewrite/fork-syscall-rewrite/08-stage-is/todo.md	rewrite-notes/08-stage-is/todo.md	git-mv	有残差
notes/rewrite/fork-syscall-rewrite/09-stage-init/doc_rerank_HY4.md	rewrite-notes/09-stage-init/doc_rerank_HY4.md	git-mv	有残差
notes/rewrite/fork-syscall-rewrite/09-stage-init/doc_rerank_deepseek.md	rewrite-notes/09-stage-init/doc_rerank_deepseek.md	git-mv	有残差
notes/rewrite/fork-syscall-rewrite/09-stage-init/doc_rerank_glm.md	rewrite-notes/09-stage-init/doc_rerank_glm.md	git-mv	有残差
notes/rewrite/fork-syscall-rewrite/09-stage-init/doc_rerank_muse.md	rewrite-notes/09-stage-init/doc_rerank_muse.md	git-mv	有残差
notes/rewrite/fork-syscall-rewrite/09-stage-init/doc_rerank_qwen.md	rewrite-notes/09-stage-init/doc_rerank_qwen.md	git-mv	有残差
notes/rewrite/fork-syscall-rewrite/09-stage-init/plan.md	rewrite-notes/09-stage-init/plan.md	git-mv	有残差
notes/rewrite/fork-syscall-rewrite/10-stage-mib/doc_rerank_deepseek.md	rewrite-notes/10-stage-mib/doc_rerank_deepseek.md	git-mv	有残差
notes/rewrite/fork-syscall-rewrite/10-stage-mib/doc_rerank_glm.md	rewrite-notes/10-stage-mib/doc_rerank_glm.md	git-mv	有残差
notes/rewrite/fork-syscall-rewrite/10-stage-mib/doc_rerank_hy4.md	rewrite-notes/10-stage-mib/doc_rerank_hy4.md	git-mv	有残差
notes/rewrite/fork-syscall-rewrite/10-stage-mib/doc_rerank_muse.md	rewrite-notes/10-stage-mib/doc_rerank_muse.md	git-mv	有残差
notes/rewrite/fork-syscall-rewrite/10-stage-mib/doc_rerank_qwen.md	rewrite-notes/10-stage-mib/doc_rerank_qwen.md	git-mv	有残差
notes/rewrite/fork-syscall-rewrite/10-stage-mib/plan.md	rewrite-notes/10-stage-mib/plan.md	git-mv	有残差
notes/rewrite/fork-syscall-rewrite/10-stage-mib/todo.md	rewrite-notes/10-stage-mib/todo.md	git-mv	有残差
notes/rewrite/fork-syscall-rewrite/11-stage-devman/doc_rerank_HY4.md	rewrite-notes/11-stage-devman/doc_rerank_HY4.md	git-mv	有残差
notes/rewrite/fork-syscall-rewrite/11-stage-devman/doc_rerank_deepseek.md	rewrite-notes/11-stage-devman/doc_rerank_deepseek.md	git-mv	有残差
notes/rewrite/fork-syscall-rewrite/11-stage-devman/doc_rerank_glm.md	rewrite-notes/11-stage-devman/doc_rerank_glm.md	git-mv	有残差
notes/rewrite/fork-syscall-rewrite/11-stage-devman/doc_rerank_muse.md	rewrite-notes/11-stage-devman/doc_rerank_muse.md	git-mv	有残差
notes/rewrite/fork-syscall-rewrite/11-stage-devman/doc_rerank_qwen.md	rewrite-notes/11-stage-devman/doc_rerank_qwen.md	git-mv	有残差
notes/rewrite/fork-syscall-rewrite/11-stage-devman/plan.md	rewrite-notes/11-stage-devman/plan.md	git-mv	有残差
notes/rewrite/fork-syscall-rewrite/12-stage-input/doc_rerank_deepseek.md	rewrite-notes/12-stage-input/doc_rerank_deepseek.md	git-mv	有残差
notes/rewrite/fork-syscall-rewrite/12-stage-input/doc_rerank_glm.md	rewrite-notes/12-stage-input/doc_rerank_glm.md	git-mv	有残差
notes/rewrite/fork-syscall-rewrite/12-stage-input/doc_rerank_muse.md	rewrite-notes/12-stage-input/doc_rerank_muse.md	git-mv	有残差
notes/rewrite/fork-syscall-rewrite/12-stage-input/doc_rerank_qwen.md	rewrite-notes/12-stage-input/doc_rerank_qwen.md	git-mv	有残差
notes/rewrite/fork-syscall-rewrite/12-stage-input/plan.md	rewrite-notes/12-stage-input/plan.md	git-mv	有残差
notes/rewrite/fork-syscall-rewrite/12-stage-input/todo.md	rewrite-notes/12-stage-input/todo.md	git-mv	有残差
notes/rewrite/fork-syscall-rewrite/13-stage-ipc/doc_rerank_HY4.md	rewrite-notes/13-stage-ipc/doc_rerank_HY4.md	git-mv	有残差
notes/rewrite/fork-syscall-rewrite/13-stage-ipc/doc_rerank_deepseek.md	rewrite-notes/13-stage-ipc/doc_rerank_deepseek.md	git-mv	有残差
notes/rewrite/fork-syscall-rewrite/13-stage-ipc/doc_rerank_glm.md	rewrite-notes/13-stage-ipc/doc_rerank_glm.md	git-mv	有残差
notes/rewrite/fork-syscall-rewrite/13-stage-ipc/doc_rerank_muse.md	rewrite-notes/13-stage-ipc/doc_rerank_muse.md	git-mv	有残差
notes/rewrite/fork-syscall-rewrite/13-stage-ipc/doc_rerank_qwen.md	rewrite-notes/13-stage-ipc/doc_rerank_qwen.md	git-mv	有残差
notes/rewrite/fork-syscall-rewrite/13-stage-ipc/plan.md	rewrite-notes/13-stage-ipc/plan.md	git-mv	有残差
notes/rewrite/fork-syscall-rewrite/14-stage-runtime/doc_rerank_deepseek.md	rewrite-notes/14-stage-runtime/doc_rerank_deepseek.md	git-mv	有残差
notes/rewrite/fork-syscall-rewrite/14-stage-runtime/doc_rerank_glm.md	rewrite-notes/14-stage-runtime/doc_rerank_glm.md	git-mv	有残差
notes/rewrite/fork-syscall-rewrite/14-stage-runtime/doc_rerank_muse.md	rewrite-notes/14-stage-runtime/doc_rerank_muse.md	git-mv	有残差
notes/rewrite/fork-syscall-rewrite/14-stage-runtime/doc_rerank_qwen.md	rewrite-notes/14-stage-runtime/doc_rerank_qwen.md	git-mv	有残差
notes/rewrite/fork-syscall-rewrite/14-stage-runtime/plan.md	rewrite-notes/14-stage-runtime/plan.md	git-mv	有残差
notes/rewrite/fork-syscall-rewrite/14-stage-runtime/todo.md	rewrite-notes/14-stage-runtime/todo.md	git-mv	有残差
notes/rewrite/fork-syscall-rewrite/15-stage-fs/01-fsdriver-task.md	rewrite-notes/15-stage-fs/01-fsdriver-task.md	git-mv	有残差
notes/rewrite/fork-syscall-rewrite/15-stage-fs/doc_rerank_deepseek.md	rewrite-notes/15-stage-fs/doc_rerank_deepseek.md	git-mv	有残差
notes/rewrite/fork-syscall-rewrite/15-stage-fs/doc_rerank_glm.md	rewrite-notes/15-stage-fs/doc_rerank_glm.md	git-mv	有残差
notes/rewrite/fork-syscall-rewrite/15-stage-fs/doc_rerank_muse.md	rewrite-notes/15-stage-fs/doc_rerank_muse.md	git-mv	有残差
notes/rewrite/fork-syscall-rewrite/15-stage-fs/doc_rerank_qwen.md	rewrite-notes/15-stage-fs/doc_rerank_qwen.md	git-mv	有残差
notes/rewrite/fork-syscall-rewrite/15-stage-fs/plan.md	rewrite-notes/15-stage-fs/plan.md	git-mv	有残差
notes/rewrite/fork-syscall-rewrite/15-stage-fs/todo.md	rewrite-notes/15-stage-fs/todo.md	git-mv	有残差
notes/rewrite/fork-syscall-rewrite/16-stage-drivers/doc_rerank_glm.md	rewrite-notes/16-stage-drivers/doc_rerank_glm.md	git-mv	有残差
notes/rewrite/fork-syscall-rewrite/16-stage-drivers/doc_rerank_muse.md	rewrite-notes/16-stage-drivers/doc_rerank_muse.md	git-mv	有残差
notes/rewrite/fork-syscall-rewrite/16-stage-drivers/doc_rerank_qwen.md	rewrite-notes/16-stage-drivers/doc_rerank_qwen.md	git-mv	有残差
notes/rewrite/fork-syscall-rewrite/16-stage-drivers/plan.md	rewrite-notes/16-stage-drivers/plan.md	git-mv	有残差
notes/rewrite/fork-syscall-rewrite/17-stage-net/doc_rerank_glm.md	rewrite-notes/17-stage-net/doc_rerank_glm.md	git-mv	有残差
notes/rewrite/fork-syscall-rewrite/17-stage-net/doc_rerank_muse.md	rewrite-notes/17-stage-net/doc_rerank_muse.md	git-mv	有残差
notes/rewrite/fork-syscall-rewrite/17-stage-net/doc_rerank_qwen.md	rewrite-notes/17-stage-net/doc_rerank_qwen.md	git-mv	有残差
notes/rewrite/fork-syscall-rewrite/17-stage-net/plan.md	rewrite-notes/17-stage-net/plan.md	git-mv	有残差
notes/rewrite/fork-syscall-rewrite/18-stage-commands/doc_rerank_deepseek.md	rewrite-notes/18-stage-commands/doc_rerank_deepseek.md	git-mv	有残差
notes/rewrite/fork-syscall-rewrite/18-stage-commands/doc_rerank_glm.md	rewrite-notes/18-stage-commands/doc_rerank_glm.md	git-mv	有残差
notes/rewrite/fork-syscall-rewrite/18-stage-commands/doc_rerank_muse.md	rewrite-notes/18-stage-commands/doc_rerank_muse.md	git-mv	有残差
notes/rewrite/fork-syscall-rewrite/18-stage-commands/doc_rerank_qwen.md	rewrite-notes/18-stage-commands/doc_rerank_qwen.md	git-mv	有残差
notes/rewrite/fork-syscall-rewrite/18-stage-commands/plan.md	rewrite-notes/18-stage-commands/plan.md	git-mv	有残差
notes/rewrite/fork-syscall-rewrite/18-stage-commands/todo.md	rewrite-notes/18-stage-commands/todo.md	git-mv	有残差
notes/rewrite/fork-syscall-rewrite/19-stage-integration/06-code.md	rewrite-notes/19-stage-integration/06-code.md	git-mv	有残差
notes/rewrite/fork-syscall-rewrite/20-redesign/tocutou-and-distributed-consistency.md	redesign-notes/architecture/tocutou-and-distributed-consistency.md	git-mv	有残差
notes/rewrite/fork-syscall-rewrite/HANDOFF-NK4A-boot-first-light.md	rewrite-notes/coordination/HANDOFF-NK4A-boot-first-light.md	git-mv	有残差
notes/rewrite/fork-syscall-rewrite/HANDOFF-NK4A-review-and-redo.md	rewrite-notes/coordination/HANDOFF-NK4A-review-and-redo.md	git-mv	有残差
notes/rewrite/fork-syscall-rewrite/NK4A-QWEN-OPENING-PROMPT.md	rewrite-notes/coordination/NK4A-QWEN-OPENING-PROMPT.md	git-mv	有残差
notes/rewrite/fork-syscall-rewrite/NK4A-REVIEW-REPORT.md	rewrite-notes/coordination/NK4A-REVIEW-REPORT.md	git-mv	有残差
notes/rewrite/fork-syscall-rewrite/NK4A-TODO.md	rewrite-notes/coordination/NK4A-TODO.md	git-mv	有残差
notes/rewrite/fork-syscall-rewrite/NK4C-REVIEW-REPORT-R31-20260930.md	rewrite-notes/coordination/NK4C-REVIEW-REPORT-R31-20260930.md	git-mv	有残差
notes/rewrite/fork-syscall-rewrite/NK4C-REVIEWER-SESSION-RECORD-20260930.md	rewrite-notes/coordination/NK4C-REVIEWER-SESSION-RECORD-20260930.md	git-mv	有残差
notes/rewrite/fork-syscall-rewrite/NK4C-WORKLOG.md	rewrite-notes/coordination/NK4C-WORKLOG.md	git-mv	有残差
notes/rewrite/fork-syscall-rewrite/NK4C-接续PROMPT-RISCV-20261003.md	rewrite-notes/coordination/NK4C-接续PROMPT-RISCV-20261003.md	git-mv	有残差
notes/rewrite/fork-syscall-rewrite/PATTERN-SCAN-REPORT-20260923.md	rewrite-notes/coordination/PATTERN-SCAN-REPORT-20260923.md	git-mv	有残差
notes/rewrite/fork-syscall-rewrite/STRUCTURAL-DEBT-REGISTER-20260930.md	rewrite-notes/coordination/STRUCTURAL-DEBT-REGISTER-20260930.md	git-mv	有残差
notes/rewrite/fork-syscall-rewrite/claim-prompt.md	rewrite-notes/coordination/claim-prompt.md	git-mv	有残差
notes/rewrite/fork-syscall-rewrite/edge1.md	rewrite-notes/coordination/edge1.md	git-mv	有残差
notes/rewrite/fork-syscall-rewrite/edge2.md	rewrite-notes/coordination/edge2.md	git-mv	有残差
notes/rewrite/fork-syscall-rewrite/edge3.md	rewrite-notes/coordination/edge3.md	git-mv	有残差
notes/rewrite/fork-syscall-rewrite/edge4.md	rewrite-notes/coordination/edge4.md	git-mv	有残差
notes/rewrite/fork-syscall-rewrite/new_edge1.md	rewrite-notes/coordination/new_edge1.md	git-mv	有残差
notes/rewrite/fork-syscall-rewrite/new_edge2.md	rewrite-notes/coordination/new_edge2.md	git-mv	有残差
notes/rewrite/fork-syscall-rewrite/new_edge3.md	rewrite-notes/coordination/new_edge3.md	git-mv	有残差
notes/rewrite/fork-syscall-rewrite/new_edge4.md	rewrite-notes/coordination/new_edge4.md	git-mv	有残差
notes/rewrite/fork-syscall-rewrite/new_todo_deepseek.md	rewrite-notes/coordination/new_todo_deepseek.md	git-mv	有残差
notes/rewrite/fork-syscall-rewrite/new_todo_qwen.md	rewrite-notes/coordination/new_todo_qwen.md	git-mv	有残差
notes/rewrite/project-plan.md	rewrite-notes/misc/project-plan.md	git-mv	有残差
