文件	前缀替换	链接重定基	结构性	备注
rewrite-notes/README.md	0	0	133	
redesign-notes/README.md	0	5	7	
rewrite-notes/00-master-plan/README.md	0	1	1	
rewrite-notes/coordination/new_edge4.md	3	0	1	
rewrite-notes/misc/project-plan.md	3	0	1	
rewrite-notes/concepts/endpoint.md	0	2	0	
rewrite-notes/01-stage-kernel/06-todo.md	2	0	0	
rewrite-notes/01-stage-kernel/checklist.md	1	0	0	
rewrite-notes/01-stage-kernel/doc_rerank_HY4.md	1	0	0	
rewrite-notes/01-stage-kernel/doc_rerank_deepseek.md	2	0	0	
rewrite-notes/01-stage-kernel/doc_rerank_glm.md	3	0	0	
rewrite-notes/01-stage-kernel/doc_rerank_mimo.md	2	0	0	
rewrite-notes/01-stage-kernel/doc_rerank_muse.md	3	0	0	
rewrite-notes/01-stage-kernel/doc_rerank_qwen.md	3	0	0	
rewrite-notes/01-stage-kernel/endpoint_todo.md	3	0	0	
rewrite-notes/02-stage-vm/archive/todo-V11-archive-2026-09-08.md	8	0	0	
rewrite-notes/02-stage-vm/archive/todo-V12-archive-2026-09-09.md	2	0	0	
rewrite-notes/02-stage-vm/doc_rerank_HY4.md	5	0	0	
rewrite-notes/02-stage-vm/doc_rerank_deepseek.md	1	0	0	
rewrite-notes/02-stage-vm/doc_rerank_glm.md	7	0	0	
rewrite-notes/02-stage-vm/doc_rerank_muse.md	6	0	0	
rewrite-notes/02-stage-vm/doc_rerank_qwen.md	1	0	0	
rewrite-notes/02-stage-vm/draft/00-vm-overview.md	0	1	0	
rewrite-notes/02-stage-vm/draft/01-vmproc-struct.md	0	2	0	
rewrite-notes/02-stage-vm/draft/17-vm-brk.md	0	1	0	
rewrite-notes/02-stage-vm/draft/99-global-concepts.md	0	2	0	
rewrite-notes/02-stage-vm/plan.md	1	0	0	
rewrite-notes/02-stage-vm/todo.md	2	0	0	
rewrite-notes/03-stage-rs/20-rs-sef-framework.md	24	0	0	
rewrite-notes/03-stage-rs/doc_rerank_deepseek.md	2	0	0	
rewrite-notes/03-stage-rs/doc_rerank_glm.md	1	0	0	
rewrite-notes/03-stage-rs/doc_rerank_muse.md	1	0	0	
rewrite-notes/03-stage-rs/doc_rerank_qwen.md	5	0	0	
rewrite-notes/03-stage-rs/plan.md	1	0	0	
rewrite-notes/03-stage-rs/todo.md	3	0	0	
rewrite-notes/04-stage-pm/14-itimer.md	4	0	0	
rewrite-notes/04-stage-pm/17-exec.md	1	0	0	
rewrite-notes/04-stage-pm/18-trace.md	1	0	0	
rewrite-notes/04-stage-pm/19-time.md	3	0	0	
rewrite-notes/04-stage-pm/20-misc-queries.md	2	0	0	
rewrite-notes/04-stage-pm/doc_rerank_HY4.md	1	0	0	
rewrite-notes/04-stage-pm/doc_rerank_deepseek.md	1	0	0	
rewrite-notes/04-stage-pm/doc_rerank_glm.md	4	0	0	
rewrite-notes/04-stage-pm/doc_rerank_muse.md	1	0	0	
rewrite-notes/04-stage-pm/doc_rerank_qwen.md	1	0	0	
rewrite-notes/04-stage-pm/draft/mproc-design.md	1	0	0	
rewrite-notes/04-stage-pm/plan.md	3	0	0	
rewrite-notes/04-stage-pm/todo.md	2	0	0	
rewrite-notes/05-stage-vfs/archive/todo-R1-archive-2026-09-09.md	1	0	0	
rewrite-notes/05-stage-vfs/doc_rerank_HY4.md	2	0	0	
rewrite-notes/05-stage-vfs/doc_rerank_deepseek.md	2	0	0	
rewrite-notes/05-stage-vfs/doc_rerank_glm.md	1	0	0	
rewrite-notes/05-stage-vfs/doc_rerank_muse.md	3	0	0	
rewrite-notes/05-stage-vfs/doc_rerank_qwen.md	1	0	0	
rewrite-notes/05-stage-vfs/plan.md	1	0	0	
rewrite-notes/05-stage-vfs/todo.md	31	0	0	
rewrite-notes/06-stage-sched/doc_rerank_deepseek.md	4	0	0	
rewrite-notes/06-stage-sched/doc_rerank_glm.md	3	0	0	
rewrite-notes/06-stage-sched/doc_rerank_muse.md	3	0	0	
rewrite-notes/06-stage-sched/doc_rerank_qwen.md	1	0	0	
rewrite-notes/06-stage-sched/plan.md	1	0	0	
rewrite-notes/07-stage-ds/doc_rerank_deepseek.md	1	0	0	
rewrite-notes/07-stage-ds/doc_rerank_glm.md	1	0	0	
rewrite-notes/07-stage-ds/doc_rerank_muse.md	2	0	0	
rewrite-notes/07-stage-ds/doc_rerank_qwen.md	1	0	0	
rewrite-notes/07-stage-ds/plan.md	1	0	0	
rewrite-notes/08-stage-is/doc_rerank_deepseek.md	1	0	0	
rewrite-notes/08-stage-is/doc_rerank_glm.md	2	0	0	
rewrite-notes/08-stage-is/doc_rerank_muse.md	7	0	0	
rewrite-notes/08-stage-is/doc_rerank_qwen.md	1	0	0	
rewrite-notes/08-stage-is/plan.md	1	0	0	
rewrite-notes/08-stage-is/todo.md	2	0	0	
rewrite-notes/09-stage-init/doc_rerank_HY4.md	1	0	0	
rewrite-notes/09-stage-init/doc_rerank_deepseek.md	1	0	0	
rewrite-notes/09-stage-init/doc_rerank_glm.md	2	0	0	
rewrite-notes/09-stage-init/doc_rerank_muse.md	3	0	0	
rewrite-notes/09-stage-init/doc_rerank_qwen.md	1	0	0	
rewrite-notes/09-stage-init/plan.md	1	0	0	
rewrite-notes/10-stage-mib/doc_rerank_deepseek.md	12	0	0	
rewrite-notes/10-stage-mib/doc_rerank_glm.md	1	0	0	
rewrite-notes/10-stage-mib/doc_rerank_hy4.md	5	0	0	
rewrite-notes/10-stage-mib/doc_rerank_muse.md	2	0	0	
rewrite-notes/10-stage-mib/doc_rerank_qwen.md	1	0	0	
rewrite-notes/10-stage-mib/plan.md	1	0	0	
rewrite-notes/10-stage-mib/todo.md	2	0	0	
rewrite-notes/11-stage-devman/doc_rerank_HY4.md	2	0	0	
rewrite-notes/11-stage-devman/doc_rerank_deepseek.md	5	0	0	
rewrite-notes/11-stage-devman/doc_rerank_glm.md	2	0	0	
rewrite-notes/11-stage-devman/doc_rerank_muse.md	6	0	0	
rewrite-notes/11-stage-devman/doc_rerank_qwen.md	1	0	0	
rewrite-notes/11-stage-devman/plan.md	1	0	0	
rewrite-notes/12-stage-input/doc_rerank_deepseek.md	14	0	0	
rewrite-notes/12-stage-input/doc_rerank_glm.md	2	0	0	
rewrite-notes/12-stage-input/doc_rerank_muse.md	2	0	0	
rewrite-notes/12-stage-input/doc_rerank_qwen.md	1	0	0	
rewrite-notes/12-stage-input/plan.md	1	0	0	
rewrite-notes/12-stage-input/todo.md	0	1	0	
rewrite-notes/13-stage-ipc/doc_rerank_HY4.md	1	0	0	
rewrite-notes/13-stage-ipc/doc_rerank_deepseek.md	4	0	0	
rewrite-notes/13-stage-ipc/doc_rerank_glm.md	2	0	0	
rewrite-notes/13-stage-ipc/doc_rerank_muse.md	3	0	0	
rewrite-notes/13-stage-ipc/doc_rerank_qwen.md	1	0	0	
rewrite-notes/13-stage-ipc/plan.md	3	0	0	
rewrite-notes/14-stage-runtime/doc_rerank_deepseek.md	12	0	0	
rewrite-notes/14-stage-runtime/doc_rerank_glm.md	1	0	0	
rewrite-notes/14-stage-runtime/doc_rerank_muse.md	3	0	0	
rewrite-notes/14-stage-runtime/doc_rerank_qwen.md	1	0	0	
rewrite-notes/14-stage-runtime/plan.md	1	0	0	
rewrite-notes/14-stage-runtime/todo.md	1	1	0	
rewrite-notes/15-stage-fs/01-fsdriver-task.md	5	0	0	
rewrite-notes/15-stage-fs/doc_rerank_deepseek.md	5	0	0	
rewrite-notes/15-stage-fs/doc_rerank_glm.md	1	0	0	
rewrite-notes/15-stage-fs/doc_rerank_muse.md	3	0	0	
rewrite-notes/15-stage-fs/doc_rerank_qwen.md	1	0	0	
rewrite-notes/15-stage-fs/plan.md	1	0	0	
rewrite-notes/15-stage-fs/todo.md	1	0	0	
rewrite-notes/16-stage-drivers/doc_rerank_glm.md	2	0	0	
rewrite-notes/16-stage-drivers/doc_rerank_muse.md	1	0	0	
rewrite-notes/16-stage-drivers/doc_rerank_qwen.md	1	0	0	
rewrite-notes/16-stage-drivers/plan.md	1	0	0	
rewrite-notes/17-stage-net/doc_rerank_glm.md	1	0	0	
rewrite-notes/17-stage-net/doc_rerank_muse.md	4	0	0	
rewrite-notes/17-stage-net/doc_rerank_qwen.md	1	0	0	
rewrite-notes/17-stage-net/plan.md	1	0	0	
rewrite-notes/18-stage-commands/doc_rerank_deepseek.md	1	0	0	
rewrite-notes/18-stage-commands/doc_rerank_glm.md	1	0	0	
rewrite-notes/18-stage-commands/doc_rerank_muse.md	1	0	0	
rewrite-notes/18-stage-commands/doc_rerank_qwen.md	1	0	0	
rewrite-notes/18-stage-commands/plan.md	1	0	0	
rewrite-notes/18-stage-commands/todo.md	1	0	0	
rewrite-notes/19-stage-integration/06-code.md	1	0	0	
redesign-notes/architecture/tocutou-and-distributed-consistency.md	0	2	0	
rewrite-notes/coordination/HANDOFF-NK4A-boot-first-light.md	1	0	0	
rewrite-notes/coordination/HANDOFF-NK4A-review-and-redo.md	4	0	0	
rewrite-notes/coordination/NK4A-QWEN-OPENING-PROMPT.md	3	0	0	
rewrite-notes/coordination/NK4A-REVIEW-REPORT.md	1	0	0	
rewrite-notes/coordination/NK4A-TODO.md	2	0	0	
rewrite-notes/coordination/NK4C-REVIEW-REPORT-R31-20260930.md	1	0	0	
rewrite-notes/coordination/NK4C-REVIEWER-SESSION-RECORD-20260930.md	4	0	0	
rewrite-notes/coordination/NK4C-WORKLOG.md	21	10	0	
rewrite-notes/coordination/NK4C-接续PROMPT-RISCV-20261003.md	2	0	0	
rewrite-notes/coordination/PATTERN-SCAN-REPORT-20260923.md	4	4	0	
rewrite-notes/coordination/STRUCTURAL-DEBT-REGISTER-20260930.md	3	0	0	
rewrite-notes/coordination/claim-prompt.md	2	0	0	
rewrite-notes/coordination/edge1.md	1	17	0	
rewrite-notes/coordination/edge2.md	1	8	0	
rewrite-notes/coordination/edge3.md	1	37	0	
rewrite-notes/coordination/edge4.md	2	0	0	
rewrite-notes/coordination/new_edge1.md	4	1	0	
rewrite-notes/coordination/new_edge2.md	1	4	0	
rewrite-notes/coordination/new_edge3.md	1	10	0	
rewrite-notes/coordination/new_todo_deepseek.md	2	0	0	
rewrite-notes/coordination/new_todo_qwen.md	1	0	0	
合计	396	109	143